date,stars,forks,views_14d,unique_visitors_14d,clones_14d,unique_cloners_14d,npm_downloads_yesterday
2026-09-05,0,1,,,,,
2026-09-06,0,1,,,,,0
2026-09-07,0,1,,,,,81
2026-09-08,0,1,,,,,81
2026-09-09,0,1,,,,,81
2026-09-10,0,1,,,,,81
2026-09-11,0,1,,,,,8
2026-09-12,0,1,,,,,20
2026-09-13,0,1,,,,,3
2026-09-14,0,1,,,,,3
2026-09-15,0,1,,,,,3
2026-09-16,0,1,,,,,3
2026-09-17,0,2,,,,,3
2026-09-18,0,2,,,,,8
2026-09-19,0,2,,,,,8
2026-09-20,0,2,,,,,6
2026-09-21,1,2,,,,,0
2026-09-22,1,2,,,,,0
2026-09-23,1,2,,,,,133
2026-09-24,1,2,,,,,133
2026-09-25,1,2,,,,,133
2026-09-26,1,2,,,,,2
2026-09-27,1,2,,,,,5
2026-09-28,1,2,,,,,5
2026-09-29,1,2,,,,,1
2026-09-30,1,2,,,,,11
2026-10-01,1,2,,,,,2
2026-10-02,1,2,,,,,2
2026-10-03,1,2,,,,,2
2026-10-04,1,2,,,,,2
2026-10-05,1,2,,,,,2
2026-10-06,1,2,,,,,2
2026-10-07,1,2,,,,,2
2026-10-08,1,2,,,,,2
2026-10-09,1,2,,,,,1
2026-10-10,1,2,,,,,3
